Latitude,Longitude,Elevation
-40.9067400,175.4793900,312.0
-40.9067500,175.4794100,311.0
-40.9067000,175.4790700,314.0
-40.9066700,175.4788000,315.0
-40.9066000,175.4785300,316.0
-40.9063800,175.4777700,315.0
-40.9064100,175.4775000,314.0
-40.9065200,175.4770900,315.0
-40.9065300,175.4770400,315.0
-40.9065500,175.4768900,315.0
-40.9065400,175.4767100,317.0
-40.9065300,175.4765300,318.0
-40.9065300,175.4761100,321.0
-40.9065100,175.4758300,321.0
-40.9065200,175.4758000,321.0
-40.9066100,175.4755300,321.0
-40.9066400,175.4754400,322.0
-40.9066400,175.4754200,322.0
-40.9065900,175.4753900,322.0
-40.9065900,175.4753800,322.0
-40.9065400,175.4753900,322.0
-40.9064300,175.4752700,321.0
-40.9063500,175.4750600,325.0
-40.9063100,175.4749300,328.0
-40.9063200,175.4747700,331.0
-40.9062000,175.4744800,335.0
-40.9060300,175.4742600,335.0
-40.9059400,175.4742600,335.0
-40.9059000,175.4742700,335.0
-40.9058000,175.4742700,335.0
-40.9056800,175.4740400,335.0
-40.9055300,175.4737800,336.0
-40.9052500,175.4733700,335.0
-40.9051500,175.4731600,336.0
-40.9049300,175.4729100,335.0
-40.9049100,175.4728300,335.0
-40.9049600,175.4725600,337.0
-40.9049700,175.4722700,339.0
-40.9048500,175.4719600,342.0
-40.9045800,175.4716100,343.0
-40.9044300,175.4713000,345.0
-40.9042000,175.4710600,343.0
-40.9041900,175.4710200,343.0
-40.9041700,175.4707600,347.0
-40.9040100,175.4706200,343.0
-40.9039000,175.4704400,342.0
-40.9036500,175.4701000,340.0
-40.9036100,175.4700300,340.0
-40.9035100,175.4697800,342.0
-40.9034300,175.4696900,343.0
-40.9033700,175.4696300,343.0
-40.9033100,175.4694000,346.0
-40.9031200,175.4693300,345.0
-40.9028400,175.4692700,345.0
-40.9027800,175.4691700,345.0
-40.9027900,175.4690900,346.0
-40.9028500,175.4689800,347.0
-40.9031200,175.4688000,348.0
-40.9031400,175.4686400,348.0
-40.9031300,175.4685600,348.0
-40.9031000,175.4684100,349.0
-40.9032800,175.4681600,350.0
-40.9034000,175.4681200,350.0
-40.9034800,175.4680900,351.0
-40.9035700,175.4680100,352.0
-40.9035900,175.4679400,353.0
-40.9037300,175.4677700,359.0
-40.9039000,175.4676300,365.0
-40.9040100,175.4675600,368.0
-40.9040700,175.4674400,369.0
-40.9042700,175.4671800,372.0
-40.9045100,175.4670200,376.0
-40.9046100,175.4668400,379.0
-40.9046500,175.4667200,379.0
-40.9046300,175.4665700,379.0
-40.9047000,175.4664100,380.0
-40.9048000,175.4663500,383.0
-40.9049500,175.4663300,386.0
-40.9050200,175.4662600,388.0
-40.9051700,175.4660000,390.0
-40.9053200,175.4657900,392.0
-40.9054800,175.4654400,396.0
-40.9055400,175.4652600,399.0
-40.9055700,175.4651700,400.0
-40.9055800,175.4649200,401.0
-40.9056400,175.4647100,402.0
-40.9058300,175.4643100,406.0
-40.9060000,175.4638300,410.0
-40.9060300,175.4637200,411.0
-40.9060600,175.4636400,411.0
-40.9059700,175.4633000,417.0
-40.9059900,175.4627700,429.0
-40.9061100,175.4617500,449.0
-40.9061600,175.4612600,457.0
-40.9061900,175.4612000,459.0
-40.9062400,175.4610300,462.0
-40.9062700,175.4609900,463.0
-40.9062700,175.4609300,464.0
-40.9063200,175.4608900,465.0
-40.9063700,175.4608700,466.0
-40.9064000,175.4608300,466.0
-40.9064200,175.4607900,467.0
-40.9064100,175.4607900,467.0
-40.9064300,175.4607300,467.0
-40.9064300,175.4606600,468.0
-40.9064300,175.4606000,469.0
-40.9064200,175.4605300,469.0
-40.9064100,175.4604700,470.0
-40.9064100,175.4604500,470.0
-40.9064100,175.4603700,471.0
-40.9064100,175.4603100,472.0
-40.9064000,175.4602500,473.0
-40.9063900,175.4601800,474.0
-40.9063900,175.4601100,475.0
-40.9063900,175.4600800,475.0
-40.9063900,175.4600100,476.0
-40.9063800,175.4599400,477.0
-40.9063700,175.4598800,478.0
-40.9063700,175.4598200,479.0
-40.9063700,175.4598100,479.0
-40.9063300,175.4597500,480.0
-40.9063000,175.4597100,480.0
-40.9062600,175.4596700,481.0
-40.9062200,175.4596300,482.0
-40.9062100,175.4595700,483.0
-40.9062000,175.4595000,485.0
-40.9061700,175.4594300,486.0
-40.9061400,175.4593600,488.0
-40.9061300,175.4592900,491.0
-40.9061100,175.4592100,493.0
-40.9061000,175.4591500,495.0
-40.9060900,175.4590800,496.0
-40.9060900,175.4590200,498.0
-40.9060900,175.4589500,499.0
-40.9060600,175.4588900,500.0
-40.9060300,175.4588400,501.0
-40.9060100,175.4587800,502.0
-40.9060100,175.4587600,503.0
-40.9060000,175.4587400,503.0
-40.9059700,175.4586700,505.0
-40.9059400,175.4586200,505.0
-40.9059100,175.4585700,507.0
-40.9058900,175.4585100,509.0
-40.9058800,175.4584900,509.0
-40.9058500,175.4584300,511.0
-40.9058100,175.4583500,514.0
-40.9057700,175.4582900,516.0
-40.9057300,175.4582400,518.0
-40.9057100,175.4582200,519.0
-40.9056600,175.4581900,520.0
-40.9056100,175.4581800,521.0
-40.9055600,175.4581800,521.0
-40.9055100,175.4582100,521.0
-40.9054900,175.4582600,519.0
-40.9054700,175.4583300,517.0
-40.9054500,175.4583900,516.0
-40.9054500,175.4584000,516.0
-40.9054500,175.4584700,515.0
-40.9054400,175.4585300,514.0
-40.9054200,175.4585900,513.0
-40.9053900,175.4586500,512.0
-40.9053500,175.4586900,513.0
-40.9053100,175.4587300,513.0
-40.9053000,175.4587300,513.0
-40.9052900,175.4587300,514.0
-40.9052400,175.4587800,514.0
-40.9052000,175.4588200,514.0
-40.9051600,175.4588500,515.0
-40.9051200,175.4588700,515.0
-40.9050400,175.4588900,516.0
-40.9049900,175.4589000,518.0
-40.9049400,175.4588600,520.0
-40.9048900,175.4588400,522.0
-40.9048400,175.4588200,525.0
-40.9047900,175.4588100,527.0
-40.9047500,175.4588000,529.0
-40.9047000,175.4588000,530.0
-40.9046600,175.4588400,529.0
-40.9046600,175.4588500,529.0
-40.9046400,175.4588500,530.0
-40.9045800,175.4589300,529.0
-40.9045500,175.4589800,527.0
-40.9045200,175.4590400,527.0
-40.9044700,175.4590600,527.0
-40.9044200,175.4590700,528.0
-40.9043700,175.4590800,528.0
-40.9043200,175.4590800,528.0
-40.9042700,175.4590700,528.0
-40.9042200,175.4590400,529.0
-40.9041900,175.4589900,530.0
-40.9041700,175.4589500,531.0
-40.9041600,175.4589400,531.0
-40.9041400,175.4588800,532.0
-40.9041100,175.4588300,533.0
-40.9040800,175.4587700,535.0
-40.9040500,175.4587300,536.0
-40.9040300,175.4586700,537.0
-40.9040100,175.4586500,537.0
-40.9039700,175.4586000,538.0
-40.9039400,175.4585500,538.0
-40.9039200,175.4584900,538.0
-40.9039100,175.4584400,539.0
-40.9039100,175.4584300,539.0
-40.9039100,175.4583600,541.0
-40.9039100,175.4582900,542.0
-40.9039100,175.4582300,543.0
-40.9039100,175.4581600,545.0
-40.9039200,175.4581100,546.0
-40.9039000,175.4580500,547.0
-40.9038900,175.4579900,548.0
-40.9038900,175.4579800,548.0
-40.9038900,175.4578900,551.0
-40.9038900,175.4578300,552.0
-40.9039000,175.4577900,553.0
-40.9039100,175.4577200,556.0
-40.9039100,175.4576600,558.0
-40.9039100,175.4576300,559.0
-40.9038700,175.4575500,560.0
-40.9038400,175.4574700,561.0
-40.9038200,175.4574300,562.0
-40.9037600,175.4573400,563.0
-40.9037300,175.4573000,563.0
-40.9037200,175.4572900,563.0
-40.9036800,175.4572600,563.0
-40.9036400,175.4572300,563.0
-40.9035900,175.4572300,562.0
-40.9035300,175.4572400,560.0
-40.9034900,175.4572300,559.0
-40.9034700,175.4572300,559.0
-40.9034700,175.4572400,558.0
-40.9034400,175.4571800,559.0
-40.9034000,175.4571200,559.0
-40.9033800,175.4570700,559.0
-40.9033700,175.4570100,560.0
-40.9033800,175.4569500,562.0
-40.9033900,175.4568800,563.0
-40.9034200,175.4568300,565.0
-40.9034500,175.4568100,566.0
-40.9034800,175.4567600,567.0
-40.9035000,175.4567000,569.0
-40.9035100,175.4566500,570.0
-40.9035100,175.4566400,570.0
-40.9035400,175.4566000,571.0
-40.9035700,175.4565400,572.0
-40.9036000,175.4565000,573.0
-40.9036300,175.4564400,575.0
-40.9036500,175.4563900,576.0
-40.9036900,175.4563500,578.0
-40.9037000,175.4563300,579.0
-40.9037300,175.4562800,581.0
-40.9037600,175.4562300,583.0
-40.9038000,175.4561900,585.0
-40.9038000,175.4561800,585.0
-40.9038100,175.4561800,586.0
-40.9038300,175.4561000,588.0
-40.9038600,175.4560400,591.0
-40.9038800,175.4559900,593.0
-40.9039000,175.4559300,596.0
-40.9039100,175.4559200,597.0
-40.9039400,175.4558700,600.0
-40.9039700,175.4558200,602.0
-40.9039700,175.4558100,603.0
-40.9039900,175.4557500,605.0
-40.9040000,175.4556900,607.0
-40.9040000,175.4556200,608.0
-40.9040000,175.4555600,609.0
-40.9039800,175.4554800,611.0
-40.9039700,175.4554600,611.0
-40.9039700,175.4554500,611.0
-40.9039300,175.4553900,611.0
-40.9038900,175.4553400,611.0
-40.9038600,175.4553000,611.0
-40.9038100,175.4552400,612.0
-40.9037800,175.4552000,613.0
-40.9037400,175.4551600,613.0
-40.9036900,175.4551400,613.0
-40.9036400,175.4551500,611.0
-40.9036200,175.4551500,611.0
-40.9036000,175.4551700,610.0
-40.9035500,175.4551600,608.0
-40.9035100,175.4551500,607.0
-40.9034900,175.4550600,609.0
-40.9034700,175.4550000,610.0
-40.9034600,175.4549300,612.0
-40.9034600,175.4548700,614.0
-40.9034400,175.4547900,616.0
-40.9034300,175.4547400,617.0
-40.9034100,175.4546700,618.0
-40.9033900,175.4545800,619.0
-40.9033500,175.4544900,620.0
-40.9033200,175.4544300,620.0
-40.9032700,175.4543500,620.0
-40.9032200,175.4543000,620.0
-40.9031900,175.4542700,620.0
-40.9031400,175.4542300,620.0
-40.9030900,175.4542000,619.0
-40.9030400,175.4541700,619.0
-40.9030000,175.4541400,618.0
-40.9029600,175.4541100,618.0
-40.9029100,175.4540700,617.0
-40.9028600,175.4540300,616.0
-40.9028100,175.4540000,615.0
-40.9027600,175.4539500,614.0
-40.9027200,175.4539200,613.0
-40.9026800,175.4538900,612.0
-40.9026700,175.4538300,612.0
-40.9026600,175.4538100,611.0
-40.9026800,175.4537000,612.0
-40.9027500,175.4535700,614.0
-40.9027900,175.4535700,615.0
-40.9028800,175.4535600,618.0
-40.9029300,175.4535500,619.0
-40.9030000,175.4535400,621.0
-40.9030200,175.4536700,622.0
-40.9030100,175.4536900,621.0
-40.9030000,175.4537100,621.0
-40.9029300,175.4537500,619.0
-40.9029000,175.4537200,619.0
-40.9028600,175.4537600,618.0
-40.9029000,175.4537200,619.0
-40.9029300,175.4537500,619.0
-40.9030000,175.4537100,621.0
-40.9030100,175.4536900,621.0
-40.9030200,175.4536700,622.0
-40.9030000,175.4535400,621.0
-40.9030800,175.4535100,623.0
-40.9031300,175.4534900,624.0
-40.9031700,175.4534700,625.0
-40.9032200,175.4534500,626.0
-40.9033300,175.4533500,628.0
-40.9034200,175.4532500,631.0
-40.9035000,175.4531800,634.0
-40.9035600,175.4531000,636.0
-40.9036000,175.4529600,636.0
-40.9036200,175.4528200,635.0
-40.9036500,175.4526500,635.0
-40.9036800,175.4525100,634.0
-40.9037800,175.4522900,634.0
-40.9038700,175.4521900,636.0
-40.9039600,175.4520700,638.0
-40.9040500,175.4519200,641.0
-40.9042300,175.4518400,649.0
-40.9043400,175.4517500,652.0
-40.9043500,175.4516900,652.0
-40.9043600,175.4516200,652.0
-40.9045500,175.4513900,658.0
-40.9046700,175.4512100,664.0
-40.9046500,175.4510600,666.0
-40.9043400,175.4508200,672.0
-40.9042500,175.4508200,671.0
-40.9040700,175.4508000,669.0
-40.9039100,175.4507000,670.0
-40.9037600,175.4505600,672.0
-40.9037000,175.4505300,673.0
-40.9036400,175.4505000,674.0
-40.9035500,175.4504500,675.0
-40.9034500,175.4503500,679.0
-40.9033100,175.4502000,684.0
-40.9029900,175.4498700,686.0
-40.9029000,175.4497900,684.0
-40.9028700,175.4497000,683.0
-40.9028600,175.4496300,683.0
-40.9028800,175.4495400,685.0
-40.9029300,175.4494300,688.0
-40.9029500,175.4494000,689.0
-40.9030000,175.4492800,692.0
-40.9031300,175.4490200,698.0
-40.9032000,175.4489400,702.0
-40.9032000,175.4489300,701.0
-40.9032400,175.4488900,704.0
-40.9032800,175.4488500,706.0
-40.9033100,175.4488000,708.0
-40.9033500,175.4487700,710.0
-40.9033900,175.4487200,711.0
-40.9034100,175.4486700,712.0
-40.9034300,175.4486300,712.0
-40.9034600,175.4485800,714.0
-40.9034800,175.4485200,714.0
-40.9035000,175.4484500,715.0
-40.9035000,175.4484400,715.0
-40.9035100,175.4484300,716.0
-40.9035200,175.4483600,716.0
-40.9035200,175.4482900,717.0
-40.9035300,175.4482200,718.0
-40.9035400,175.4481600,719.0
-40.9035400,175.4481400,720.0
-40.9035400,175.4480600,721.0
-40.9035400,175.4480000,723.0
-40.9035300,175.4479300,724.0
-40.9035100,175.4478800,725.0
-40.9035100,175.4478700,725.0
-40.9034900,175.4478000,727.0
-40.9034700,175.4477400,729.0
-40.9034500,175.4476700,730.0
-40.9034300,175.4476600,730.0
-40.9034000,175.4476100,730.0
-40.9033500,175.4475700,731.0
-40.9033100,175.4475300,731.0
-40.9032800,175.4474800,731.0
-40.9032400,175.4474100,731.0
-40.9032300,175.4473500,732.0
-40.9032000,175.4472800,732.0
-40.9031700,175.4472000,733.0
-40.9031400,175.4471200,735.0
-40.9031100,175.4470600,736.0
-40.9030600,175.4470200,736.0
-40.9030200,175.4469900,737.0
-40.9029700,175.4470100,735.0
-40.9029000,175.4470200,733.0
-40.9028600,175.4470100,733.0
-40.9028000,175.4470100,732.0
-40.9027500,175.4470000,731.0
-40.9027000,175.4470000,729.0
-40.9026700,175.4470000,729.0
-40.9026700,175.4470100,729.0
-40.9025700,175.4469900,727.0
-40.9024200,175.4468300,731.0
-40.9023000,175.4466400,735.0
-40.9021600,175.4466300,731.0
-40.9020400,175.4466000,729.0
-40.9019200,175.4465700,726.0
-40.9018400,175.4464300,727.0
-40.9018200,175.4463200,729.0
-40.9017900,175.4460900,733.0
-40.9017600,175.4457900,733.0
-40.9017700,175.4455100,734.0
-40.9018300,175.4454100,735.0
-40.9020300,175.4452500,739.0
-40.9021900,175.4451200,739.0
-40.9023900,175.4449500,739.0
-40.9027500,175.4446300,748.0
-40.9028600,175.4444900,749.0
-40.9029400,175.4443100,748.0
-40.9030300,175.4442400,750.0
-40.9030900,175.4441900,750.0
-40.9032500,175.4441100,754.0
-40.9033700,175.4439700,755.0
-40.9034200,175.4439000,756.0
-40.9034500,175.4438600,757.0
-40.9035200,175.4436200,759.0
-40.9035300,175.4434100,760.0
-40.9034800,175.4431900,758.0
-40.9033800,175.4425700,766.0
-40.9033200,175.4424100,765.0
-40.9031800,175.4421500,759.0
-40.9031700,175.4421200,759.0
-40.9031500,175.4420600,758.0
-40.9031200,175.4420000,757.0
-40.9030900,175.4419500,756.0
-40.9030800,175.4419200,756.0
-40.9030800,175.4419100,756.0
-40.9030500,175.4418600,756.0
-40.9030100,175.4418200,755.0
-40.9029600,175.4417800,754.0
-40.9029300,175.4417400,753.0
-40.9028800,175.4416900,751.0
-40.9028400,175.4416500,749.0
-40.9028100,175.4415800,748.0
-40.9028000,175.4415200,748.0
-40.9027800,175.4414500,747.0
-40.9027800,175.4413900,748.0
-40.9027800,175.4413800,748.0
-40.9027800,175.4413200,748.0
-40.9027800,175.4412300,749.0
-40.9027700,175.4411600,750.0
-40.9027700,175.4410900,750.0
-40.9027500,175.4410400,750.0
-40.9027500,175.4409700,751.0
-40.9027500,175.4409600,751.0
-40.9026800,175.4407000,751.0
-40.9026500,175.4406200,753.0
-40.9025400,175.4404800,754.0
-40.9024900,175.4403700,755.0
-40.9023800,175.4400600,756.0
-40.9023600,175.4400200,756.0
-40.9023200,175.4397100,759.0
-40.9021200,175.4394100,763.0
-40.9019300,175.4390600,770.0
-40.9017800,175.4387100,772.0
-40.9016700,175.4382900,776.0
-40.9015900,175.4377700,779.0
-40.9015700,175.4376600,780.0
-40.9014600,175.4372200,782.0
-40.9014100,175.4370700,782.0
-40.9013600,175.4370100,782.0
-40.9013200,175.4369800,781.0
-40.9012900,175.4369800,781.0
-40.9012600,175.4369900,781.0
-40.9012100,175.4370300,781.0
-40.9011700,175.4370300,781.0
-40.9011500,175.4370100,781.0
-40.9011100,175.4370200,781.0
-40.9010400,175.4370200,780.0
-40.9009100,175.4370600,780.0
-40.9008500,175.4370600,779.0
-40.9007900,175.4371100,779.0
-40.9007300,175.4370900,778.0
-40.9006600,175.4371100,778.0
-40.9006000,175.4371600,778.0
-40.9004900,175.4371900,777.0
-40.9004200,175.4371400,776.0
-40.9002800,175.4370700,774.0
-40.9002300,175.4370500,774.0
-40.9001800,175.4370300,774.0
-40.9001000,175.4369500,774.0
-40.9000500,175.4368800,774.0
-40.8999800,175.4368400,775.0
-40.8999000,175.4368600,775.0
-40.8998100,175.4366600,776.0
-40.8997600,175.4364900,777.0
-40.8997500,175.4364700,777.0
-40.8997000,175.4364200,777.0
-40.8996400,175.4363800,778.0
-40.8995800,175.4363000,778.0
-40.8995400,175.4361600,779.0
-40.8994900,175.4360500,779.0
-40.8994100,175.4359900,779.0
-40.8993300,175.4359700,778.0
-40.8992400,175.4359500,778.0
-40.8991500,175.4359300,777.0
-40.8990900,175.4359500,777.0
-40.8990500,175.4359500,776.0
-40.8990100,175.4359600,776.0
-40.8989600,175.4359300,776.0
-40.8988900,175.4358800,775.0
-40.8988000,175.4358600,775.0
-40.8986300,175.4357200,775.0
-40.8986000,175.4357200,775.0
-40.8985100,175.4357400,775.0
-40.8984700,175.4357600,775.0
-40.8984200,175.4357700,776.0
-40.8983500,175.4357600,776.0
-40.8982600,175.4357900,776.0
-40.8982200,175.4358000,776.0
-40.8981700,175.4358200,776.0
-40.8981400,175.4358400,776.0
-40.8981200,175.4358500,776.0
-40.8980700,175.4358300,776.0
-40.8980000,175.4357800,775.0
-40.8979500,175.4357000,775.0
-40.8978900,175.4356700,775.0
-40.8978000,175.4356700,774.0
-40.8977600,175.4356700,774.0
-40.8977100,175.4356700,774.0
-40.8976500,175.4357000,774.0
-40.8976000,175.4357100,774.0
-40.8975600,175.4357000,774.0
-40.8974800,175.4356900,774.0
-40.8974400,175.4356700,774.0
-40.8973600,175.4356400,774.0
-40.8973200,175.4356200,774.0
-40.8972800,175.4356100,774.0
-40.8971700,175.4355300,774.0
-40.8971200,175.4353600,775.0
-40.8970400,175.4352800,775.0
-40.8969100,175.4352100,776.0
-40.8967900,175.4351700,776.0
-40.8967800,175.4351600,776.0
-40.8967200,175.4351000,776.0
-40.8967000,175.4350900,776.0
-40.8966900,175.4350800,776.0
-40.8966000,175.4350200,776.0
-40.8965400,175.4349400,777.0
-40.8964800,175.4348200,777.0
-40.8964100,175.4347100,777.0
-40.8963800,175.4346700,776.0
-40.8963800,175.4345700,776.0
-40.8963200,175.4344800,776.0
-40.8963100,175.4344500,776.0
-40.8963100,175.4343800,776.0
-40.8962700,175.4343300,775.0
-40.8962700,175.4343100,775.0
-40.8962200,175.4342800,775.0
-40.8962100,175.4342000,774.0
-40.8961800,175.4341500,774.0
-40.8960600,175.4341100,772.0
-40.8959400,175.4340900,770.0
-40.8958900,175.4340700,769.0
-40.8958400,175.4340200,768.0
-40.8957400,175.4339800,766.0
-40.8957000,175.4339600,765.0
-40.8956600,175.4339600,765.0
-40.8956200,175.4339700,764.0
-40.8955900,175.4339600,764.0
-40.8955200,175.4338700,762.0
-40.8954800,175.4338300,761.0
-40.8953700,175.4337700,760.0
-40.8952700,175.4336200,760.0
-40.8952100,175.4335700,759.0
-40.8951900,175.4335400,758.0
-40.8951900,175.4335200,758.0
-40.8951600,175.4334700,758.0
-40.8951500,175.4334100,757.0
-40.8951500,175.4333800,757.0
-40.8951500,175.4333100,756.0
-40.8951300,175.4332500,755.0
-40.8951000,175.4332000,754.0
-40.8950700,175.4331500,754.0
-40.8950300,175.4331200,754.0
-40.8950000,175.4330800,754.0
-40.8950000,175.4330200,753.0
-40.8950000,175.4329800,753.0
-40.8949900,175.4329800,753.0
-40.8950000,175.4328600,751.0
-40.8949700,175.4326700,748.0
-40.8949100,175.4324700,745.0
-40.8947400,175.4322100,744.0
-40.8946200,175.4320800,743.0
-40.8945300,175.4318800,745.0
-40.8944900,175.4317400,747.0
-40.8944600,175.4315800,749.0
-40.8944400,175.4315000,750.0
-40.8944000,175.4312700,755.0
-40.8944300,175.4310600,760.0
-40.8945100,175.4307800,765.0
-40.8945100,175.4307700,766.0
-40.8945100,175.4307000,769.0
-40.8945200,175.4306400,770.0
-40.8945200,175.4305800,772.0
-40.8945200,175.4305700,772.0
-40.8944700,175.4305400,776.0
-40.8944300,175.4305200,779.0
-40.8943900,175.4304700,781.0
-40.8943900,175.4304100,782.0
-40.8944000,175.4303900,782.0
-40.8944300,175.4303200,783.0
-40.8944600,175.4302600,782.0
-40.8944800,175.4302000,782.0
-40.8944900,175.4301700,782.0
-40.8944900,175.4301000,783.0
-40.8944900,175.4300200,784.0
-40.8944900,175.4299500,785.0
-40.8944800,175.4298900,787.0
-40.8944800,175.4298800,787.0
-40.8944700,175.4297800,789.0
-40.8944500,175.4297100,791.0
-40.8944300,175.4296400,792.0
-40.8944200,175.4295700,793.0
-40.8944100,175.4294700,793.0
-40.8943900,175.4294100,794.0
-40.8944000,175.4293300,792.0
-40.8943900,175.4292600,792.0
-40.8943600,175.4292100,793.0
-40.8943200,175.4291800,794.0
-40.8942600,175.4291700,797.0
-40.8941900,175.4291600,800.0
-40.8941400,175.4291800,803.0
-40.8941000,175.4291900,804.0
-40.8940500,175.4292000,807.0
-40.8940000,175.4292100,809.0
-40.8939400,175.4292200,811.0
-40.8938900,175.4292300,813.0
-40.8938600,175.4292300,815.0
-40.8938500,175.4292300,815.0
-40.8938100,175.4292300,817.0
-40.8937500,175.4292200,819.0
-40.8937000,175.4292200,822.0
-40.8936400,175.4292100,824.0
-40.8935800,175.4292000,826.0
-40.8935300,175.4291800,828.0
-40.8934800,175.4291800,829.0
-40.8934300,175.4291700,831.0
-40.8934000,175.4291600,832.0
-40.8934000,175.4291500,832.0
-40.8934200,175.4291000,831.0
-40.8934400,175.4290600,831.0
-40.8934400,175.4290000,831.0
-40.8934000,175.4289500,833.0
-40.8933600,175.4289200,834.0
-40.8933200,175.4288800,836.0
-40.8933200,175.4288700,837.0
-40.8933100,175.4288100,839.0
-40.8933000,175.4287500,840.0
-40.8933000,175.4286900,842.0
-40.8933000,175.4286700,843.0
-40.8933000,175.4286600,843.0
-40.8933100,175.4286000,844.0
-40.8933200,175.4285400,845.0
-40.8933500,175.4284800,845.0
-40.8933600,175.4284500,846.0
-40.8933900,175.4284000,845.0
-40.8934100,175.4283400,846.0
-40.8934200,175.4283200,846.0
-40.8934200,175.4282400,848.0
-40.8934200,175.4281800,850.0
-40.8934100,175.4281200,852.0
-40.8934000,175.4280800,853.0
-40.8934000,175.4280700,854.0
-40.8933800,175.4279900,854.0
-40.8933600,175.4279200,855.0
-40.8933500,175.4278600,855.0
-40.8933500,175.4278200,854.0
-40.8933300,175.4277500,854.0
-40.8933100,175.4276900,855.0
-40.8932900,175.4276300,856.0
-40.8932900,175.4276200,856.0
-40.8932600,175.4275700,858.0
-40.8932400,175.4275300,859.0
-40.8932000,175.4275000,862.0
-40.8931900,175.4275000,863.0
-40.8931500,175.4274500,866.0
-40.8931100,175.4274200,870.0
-40.8930700,175.4273900,873.0
-40.8930300,175.4273500,875.0
-40.8929700,175.4273000,878.0
-40.8929300,175.4272600,880.0
-40.8929000,175.4272100,882.0
-40.8928800,175.4271500,883.0
-40.8928500,175.4271000,885.0
-40.8928400,175.4270400,885.0
-40.8928500,175.4270300,885.0
-40.8928600,175.4270100,884.0
-40.8928600,175.4269500,884.0
-40.8928800,175.4268900,883.0
-40.8928900,175.4268300,883.0
-40.8929200,175.4267800,881.0
-40.8929200,175.4267100,881.0
-40.8929100,175.4266500,882.0
-40.8929000,175.4266000,882.0
-40.8928700,175.4265500,883.0
-40.8928400,175.4265000,884.0
-40.8928000,175.4264800,886.0
-40.8927500,175.4264800,889.0
-40.8926900,175.4264800,892.0
-40.8926500,175.4264600,894.0
-40.8926000,175.4264400,896.0
-40.8925600,175.4263900,898.0
-40.8925500,175.4263900,899.0
-40.8925500,175.4263800,898.0
-40.8925100,175.4263800,900.0
-40.8924600,175.4263800,903.0
-40.8924000,175.4264000,908.0
-40.8923500,175.4264000,910.0
-40.8923000,175.4263900,913.0
-40.8922600,175.4263500,915.0
-40.8922200,175.4263200,917.0
-40.8921800,175.4262900,919.0
-40.8921200,175.4262500,921.0
-40.8920600,175.4262200,924.0
-40.8920000,175.4262100,927.0
-40.8919500,175.4262000,929.0
-40.8919000,175.4261900,929.0
-40.8918500,175.4261900,929.0
-40.8918400,175.4261800,929.0
-40.8918300,175.4261800,929.0
-40.8917900,175.4262100,929.0
-40.8917500,175.4262400,930.0
-40.8917200,175.4262900,931.0
-40.8917000,175.4263400,932.0
-40.8916800,175.4264000,933.0
-40.8916600,175.4264600,933.0
-40.8916400,175.4265100,935.0
-40.8916300,175.4265200,935.0
-40.8916100,175.4265700,936.0
-40.8915800,175.4266300,937.0
-40.8915500,175.4266700,939.0
-40.8915200,175.4267300,939.0
-40.8914900,175.4267700,940.0
-40.8914500,175.4268200,941.0
-40.8914400,175.4268500,941.0
-40.8913900,175.4268800,942.0
-40.8913500,175.4269100,943.0
-40.8913100,175.4269400,944.0
-40.8912600,175.4269600,945.0
-40.8912100,175.4269900,945.0
-40.8911700,175.4270200,946.0
-40.8911300,175.4270400,946.0
-40.8910900,175.4270700,947.0
-40.8910400,175.4271000,947.0
-40.8909900,175.4271100,948.0
-40.8909500,175.4271000,949.0
-40.8909200,175.4270900,949.0
-40.8909100,175.4270900,949.0
-40.8908700,175.4270400,951.0
-40.8908200,175.4270000,952.0
-40.8907800,175.4269700,954.0
-40.8907200,175.4269200,955.0
-40.8906800,175.4268900,956.0
-40.8906200,175.4268600,956.0
-40.8905800,175.4268300,957.0
-40.8905300,175.4268000,958.0
-40.8904800,175.4267900,958.0
-40.8904300,175.4267800,959.0
-40.8903800,175.4268000,961.0
-40.8903300,175.4268100,962.0
-40.8902800,175.4268300,963.0
-40.8902300,175.4268700,966.0
-40.8901800,175.4268900,968.0
-40.8901300,175.4269100,970.0
-40.8900800,175.4269100,972.0
-40.8900400,175.4269100,974.0
-40.8900300,175.4269100,974.0
-40.8899800,175.4269200,976.0
-40.8899200,175.4269200,977.0
-40.8898700,175.4269100,979.0
-40.8898200,175.4269000,980.0
-40.8897800,175.4268800,982.0
-40.8897300,175.4268300,983.0
-40.8897000,175.4267900,985.0
-40.8896500,175.4267500,988.0
-40.8896100,175.4267200,990.0
-40.8895600,175.4266900,992.0
-40.8895100,175.4266800,995.0
-40.8894600,175.4266600,998.0
-40.8894300,175.4266500,999.0
-40.8894200,175.4266400,1000.0
-40.8893600,175.4266300,1002.0
-40.8893100,175.4266300,1003.0
-40.8892700,175.4266200,1005.0
-40.8892200,175.4266000,1007.0
-40.8891700,175.4265700,1009.0
-40.8891300,175.4265300,1011.0
-40.8890900,175.4264900,1013.0
-40.8890600,175.4264400,1015.0
-40.8890300,175.4264000,1017.0
-40.8889800,175.4263600,1019.0
-40.8889400,175.4263300,1021.0
-40.8888900,175.4263200,1023.0
-40.8888400,175.4263200,1025.0
-40.8887900,175.4263300,1027.0
-40.8887400,175.4263700,1029.0
-40.8887100,175.4264100,1030.0
-40.8886700,175.4264400,1030.0
-40.8886200,175.4264600,1033.0
-40.8886100,175.4264700,1032.0
-40.8885500,175.4264600,1035.0
-40.8884900,175.4264300,1037.0
-40.8884500,175.4263900,1040.0
-40.8884200,175.4263400,1042.0
-40.8883900,175.4262900,1045.0
-40.8883400,175.4262400,1048.0
-40.8883100,175.4262100,1050.0
-40.8882600,175.4261900,1052.0
-40.8882100,175.4261800,1055.0
-40.8881600,175.4261700,1058.0
-40.8881000,175.4261300,1062.0
-40.8880700,175.4260900,1065.0
-40.8880600,175.4260300,1067.0
-40.8880600,175.4260200,1067.0
-40.8880600,175.4260100,1067.0
-40.8880600,175.4259400,1070.0
-40.8880600,175.4258700,1072.0
-40.8880500,175.4257900,1075.0
-40.8880500,175.4257800,1075.0
-40.8880300,175.4257200,1077.0
-40.8880000,175.4256600,1079.0
-40.8879900,175.4256000,1081.0
-40.8879800,175.4255400,1083.0
-40.8879700,175.4255200,1083.0
-40.8879500,175.4254600,1084.0
-40.8879200,175.4254100,1085.0
-40.8878900,175.4253600,1086.0
-40.8878500,175.4253200,1088.0
-40.8878100,175.4252700,1089.0
-40.8877800,175.4252300,1090.0
-40.8877400,175.4252000,1091.0
-40.8876900,175.4251900,1092.0
-40.8876400,175.4251900,1093.0
-40.8875900,175.4252000,1094.0
-40.8875400,175.4252000,1095.0
-40.8874800,175.4252000,1097.0
-40.8874300,175.4252000,1098.0
-40.8873800,175.4251700,1100.0
-40.8873300,175.4251500,1101.0
-40.8872900,175.4251200,1102.0
-40.8872500,175.4250800,1103.0
-40.8872100,175.4250300,1105.0
-40.8872000,175.4250200,1106.0
-40.8871100,175.4249400,1111.0
-40.8870500,175.4249200,1114.0
-40.8868800,175.4249700,1124.0
-40.8868000,175.4249300,1129.0
-40.8866800,175.4248000,1136.0
-40.8866100,175.4247900,1139.0
-40.8862500,175.4249200,1149.0
-40.8861500,175.4249200,1151.0
-40.8860500,175.4249300,1153.0
-40.8859400,175.4249000,1157.0
-40.8858400,175.4248400,1162.0
-40.8855000,175.4245400,1181.0
-40.8854700,175.4245100,1183.0
-40.8854300,175.4244600,1186.0
-40.8854000,175.4244200,1188.0
-40.8853900,175.4243600,1187.0
-40.8853800,175.4243300,1188.0
-40.8853500,175.4242800,1189.0
-40.8853000,175.4242600,1192.0
-40.8852900,175.4242500,1193.0
-40.8852500,175.4242500,1195.0
-40.8852000,175.4242300,1198.0
-40.8851600,175.4242000,1201.0
-40.8851300,175.4241600,1203.0
-40.8851200,175.4241600,1204.0
-40.8850700,175.4241600,1207.0
-40.8850200,175.4241500,1210.0
-40.8849800,175.4241700,1212.0
-40.8849400,175.4242100,1213.0
-40.8848900,175.4242100,1215.0
-40.8848400,175.4242100,1217.0
-40.8847900,175.4242100,1219.0
-40.8847400,175.4242200,1221.0
-40.8846900,175.4242300,1223.0
-40.8846300,175.4242300,1224.0
-40.8845700,175.4242300,1226.0
-40.8845100,175.4242400,1227.0
-40.8844600,175.4242400,1228.0
-40.8844200,175.4242100,1230.0
-40.8844100,175.4241500,1231.0
-40.8844300,175.4240900,1231.0
-40.8844500,175.4240400,1231.0
-40.8844500,175.4240300,1231.0
-40.8844200,175.4239800,1233.0
-40.8843800,175.4239700,1234.0
-40.8843300,175.4239900,1235.0
-40.8843000,175.4240300,1235.0
-40.8842800,175.4240700,1235.0
-40.8842600,175.4240700,1236.0
-40.8842200,175.4240400,1237.0
-40.8842100,175.4239900,1238.0
-40.8841600,175.4239900,1239.0
-40.8841200,175.4240100,1240.0
-40.8840700,175.4239700,1242.0
-40.8840300,175.4239500,1243.0
-40.8839900,175.4239500,1244.0
-40.8839800,175.4239400,1245.0
-40.8839800,175.4239300,1245.0
-40.8839400,175.4239100,1247.0
-40.8839300,175.4239000,1247.0
-40.8839200,175.4239000,1247.0
-40.8838700,175.4239000,1248.0
-40.8838600,175.4239000,1249.0
-40.8838000,175.4238800,1251.0
-40.8837500,175.4238500,1253.0
-40.8837400,175.4238500,1253.0
-40.8836900,175.4238100,1255.0
-40.8836600,175.4237600,1257.0
-40.8836200,175.4237200,1260.0
-40.8836000,175.4236800,1262.0
-40.8836000,175.4236200,1264.0
-40.8835600,175.4235700,1265.0
-40.8835300,175.4235600,1266.0
-40.8834800,175.4235200,1268.0
-40.8834400,175.4234900,1270.0
-40.8834100,175.4234300,1272.0
-40.8834000,175.4233700,1274.0
-40.8834000,175.4233600,1274.0
-40.8834000,175.4233500,1274.0
-40.8833300,175.4232300,1279.0
-40.8832800,175.4231600,1281.0
-40.8829700,175.4228800,1295.0
-40.8828600,175.4226700,1301.0
-40.8828300,175.4225500,1304.0
-40.8828500,175.4224500,1304.0
-40.8828500,175.4224300,1303.0
-40.8828700,175.4223800,1303.0
-40.8828800,175.4223200,1302.0
-40.8828400,175.4223000,1304.0
-40.8828000,175.4222800,1305.0
-40.8827400,175.4222300,1308.0
-40.8827000,175.4222000,1309.0
-40.8826600,175.4221600,1309.0
-40.8826100,175.4221200,1310.0
-40.8825700,175.4221000,1312.0
-40.8825500,175.4221000,1312.0
-40.8824100,175.4220700,1315.0
-40.8823200,175.4221000,1317.0
-40.8820900,175.4222500,1319.0
-40.8819400,175.4223000,1318.0
-40.8817400,175.4224100,1313.0
-40.8817200,175.4224100,1313.0
-40.8815700,175.4224200,1311.0
-40.8813600,175.4223900,1311.0
-40.8812300,175.4223600,1313.0
-40.8810100,175.4222400,1317.0
-40.8808600,175.4221200,1318.0
-40.8804300,175.4218700,1314.0
-40.8802900,175.4217100,1313.0
-40.8802900,175.4217200,1313.0
-40.8802300,175.4216500,1313.0
-40.8797700,175.4213700,1314.0
-40.8796400,175.4213300,1314.0
-40.8795000,175.4213200,1315.0
-40.8794300,175.4212900,1316.0
-40.8793500,175.4212600,1317.0
-40.8790300,175.4210800,1322.0
-40.8788200,175.4209400,1325.0
-40.8785800,175.4207400,1333.0
-40.8783700,175.4205000,1344.0
-40.8782900,175.4202500,1346.0
-40.8782700,175.4201400,1347.0
-40.8783100,175.4195100,1359.0
-40.8783100,175.4193700,1363.0
-40.8782800,175.4192900,1366.0
-40.8782400,175.4192200,1369.0
-40.8781200,175.4189800,1375.0
-40.8779200,175.4186400,1380.0
-40.8777600,175.4183100,1389.0
-40.8776300,175.4181400,1393.0
-40.8775400,175.4179500,1400.0
-40.8774500,175.4178200,1405.0
-40.8772900,175.4177400,1410.0
-40.8771900,175.4176600,1412.0
-40.8771500,175.4176500,1412.0
-40.8769100,175.4175700,1411.0
-40.8766300,175.4175200,1413.0
-40.8762900,175.4173700,1415.0
-40.8762000,175.4173500,1415.0
-40.8760600,175.4173600,1413.0
-40.8759100,175.4173700,1409.0
-40.8757500,175.4173600,1407.0
-40.8756700,175.4173300,1407.0
-40.8754700,175.4172300,1410.0
-40.8754400,175.4172200,1411.0
-40.8751500,175.4172200,1419.0
-40.8750400,175.4171700,1422.0
-40.8750100,175.4171600,1423.0
-40.8747000,175.4170900,1433.0
-40.8746200,175.4170500,1434.0
-40.8745800,175.4170200,1435.0
-40.8745400,175.4169800,1436.0
-40.8744900,175.4169400,1437.0
-40.8744700,175.4169200,1437.0
-40.8744200,175.4169600,1438.0
-40.8743900,175.4170100,1439.0
-40.8743400,175.4170100,1440.0
-40.8742900,175.4170300,1442.0
-40.8742500,175.4170400,1443.0
-40.8742000,175.4170600,1444.0
-40.8741600,175.4170700,1445.0
-40.8741000,175.4170700,1446.0
-40.8740500,175.4170700,1447.0
-40.8739900,175.4170700,1447.0
-40.8739500,175.4170700,1448.0
-40.8739000,175.4170800,1449.0
-40.8739000,175.4170900,1449.0
-40.8738300,175.4170900,1450.0
-40.8736400,175.4170400,1455.0
-40.8734600,175.4168300,1453.0
-40.8736500,175.4170300,1455.0
-40.8738300,175.4170900,1450.0
-40.8738400,175.4171400,1450.0
-40.8738200,175.4172000,1450.0
-40.8738000,175.4172600,1449.0
-40.8737800,175.4173100,1448.0
-40.8737800,175.4173700,1446.0
-40.8737900,175.4174400,1445.0
-40.8738100,175.4174900,1444.0
-40.8738400,175.4175400,1442.0
-40.8738600,175.4175900,1440.0
-40.8738600,175.4176000,1439.0
-40.8738700,175.4176300,1438.0
-40.8738900,175.4177700,1432.0
-40.8739000,175.4179900,1421.0
-40.8738600,175.4183500,1404.0
-40.8737800,175.4185900,1395.0
-40.8737500,175.4188100,1386.0
-40.8737000,175.4189700,1382.0
-40.8736000,175.4191900,1382.0
-40.8734600,175.4197000,1386.0
-40.8733900,175.4201400,1391.0
-40.8733200,175.4202600,1394.0
-40.8729600,175.4205500,1393.0
-40.8728900,175.4206200,1391.0
-40.8728200,175.4207200,1389.0
-40.8727300,175.4208800,1387.0
-40.8726700,175.4209900,1385.0
-40.8724000,175.4213000,1385.0
-40.8723200,175.4213400,1386.0
-40.8721500,175.4213700,1391.0
-40.8719500,175.4213700,1396.0
-40.8719100,175.4213700,1397.0
-40.8718100,175.4214000,1398.0
-40.8716200,175.4214900,1401.0
-40.8714400,175.4216300,1406.0
-40.8709500,175.4218800,1411.0
-40.8708600,175.4219500,1413.0
-40.8707900,175.4220700,1413.0
-40.8707300,175.4221700,1413.0
-40.8707100,175.4222400,1414.0
-40.8706800,175.4222900,1414.0
-40.8706500,175.4223400,1414.0
-40.8706100,175.4223700,1414.0
-40.8705700,175.4224100,1415.0
-40.8705300,175.4224500,1415.0
-40.8704700,175.4224800,1415.0
-40.8704300,175.4225100,1415.0
-40.8703800,175.4225300,1414.0
-40.8703300,175.4225400,1414.0
-40.8702800,175.4225700,1413.0
-40.8702400,175.4226100,1412.0
-40.8701800,175.4226200,1410.0
-40.8701300,175.4226300,1409.0
-40.8700700,175.4226400,1408.0
-40.8700500,175.4226400,1408.0
-40.8700500,175.4226600,1408.0
-40.8696800,175.4226700,1396.0
-40.8694500,175.4226200,1391.0
-40.8692000,175.4226200,1384.0
-40.8689800,175.4225800,1381.0
-40.8688200,175.4225800,1378.0
-40.8684000,175.4226600,1373.0
-40.8682000,175.4226700,1368.0
-40.8680200,175.4226200,1363.0
-40.8679000,175.4226500,1358.0
-40.8678000,175.4227100,1354.0
-40.8676300,175.4228100,1347.0
-40.8673600,175.4228800,1338.0
-40.8671700,175.4228800,1331.0
-40.8670700,175.4229100,1327.0
-40.8669500,175.4229700,1322.0
-40.8668800,175.4230000,1320.0
-40.8666000,175.4229900,1311.0
-40.8662100,175.4230500,1297.0
-40.8661400,175.4230400,1294.0
-40.8657500,175.4228900,1280.0
-40.8656800,175.4228800,1278.0
-40.8655300,175.4229200,1272.0
-40.8653200,175.4229600,1263.0
-40.8652900,175.4229600,1262.0
-40.8651100,175.4229600,1256.0
-40.8651000,175.4229700,1255.0
-40.8650600,175.4229700,1254.0
-40.8650500,175.4229700,1254.0
-40.8649900,175.4229700,1252.0
-40.8649400,175.4229700,1251.0
-40.8648900,175.4229700,1250.0
-40.8648400,175.4229800,1249.0
-40.8648000,175.4230100,1248.0
-40.8647600,175.4230500,1248.0
-40.8647200,175.4230800,1248.0
-40.8646700,175.4231200,1248.0
-40.8646500,175.4231200,1248.0
-40.8646300,175.4231200,1248.0
-40.8645800,175.4230900,1247.0
-40.8645600,175.4230800,1247.0
-40.8645100,175.4231100,1247.0
-40.8644700,175.4231300,1247.0
-40.8644200,175.4231300,1247.0
-40.8643700,175.4231600,1248.0
-40.8643200,175.4231700,1248.0
-40.8642700,175.4231700,1249.0
-40.8642200,175.4231700,1249.0
-40.8641700,175.4231700,1250.0
-40.8641300,175.4231700,1251.0
-40.8640800,175.4231900,1251.0
-40.8640400,175.4232100,1252.0
-40.8640000,175.4232400,1253.0
-40.8639900,175.4232300,1253.0
-40.8639400,175.4232200,1254.0
-40.8638800,175.4232100,1255.0
-40.8638300,175.4232100,1256.0
-40.8637700,175.4232100,1257.0
-40.8637300,175.4232400,1258.0
-40.8636900,175.4232700,1259.0
-40.8636400,175.4233000,1261.0
-40.8636000,175.4233400,1263.0
-40.8635600,175.4233600,1264.0
-40.8635200,175.4234000,1265.0
-40.8634800,175.4234400,1266.0
-40.8634300,175.4234600,1267.0
-40.8633900,175.4235000,1268.0
-40.8633300,175.4235200,1269.0
-40.8632900,175.4235400,1269.0
-40.8632500,175.4235400,1269.0
-40.8632100,175.4235400,1270.0
-40.8632100,175.4235300,1270.0
-40.8631500,175.4235300,1270.0
-40.8631000,175.4235300,1270.0
-40.8630400,175.4235300,1270.0
-40.8629900,175.4235300,1269.0
-40.8629400,175.4235500,1268.0
-40.8629000,175.4235600,1267.0
-40.8628500,175.4235800,1266.0
-40.8628100,175.4236100,1265.0
-40.8627600,175.4236300,1265.0
-40.8627200,175.4236500,1264.0
-40.8626700,175.4236600,1264.0
-40.8626200,175.4236900,1265.0
-40.8625800,175.4237000,1265.0
-40.8625400,175.4237200,1265.0
-40.8623400,175.4238200,1269.0
-40.8622500,175.4239000,1272.0
-40.8621700,175.4239600,1274.0
-40.8620600,175.4240100,1276.0
-40.8620500,175.4240100,1276.0
-40.8619900,175.4240400,1277.0
-40.8619400,175.4240800,1279.0
-40.8619000,175.4241100,1280.0
-40.8618600,175.4241600,1282.0
-40.8618300,175.4242200,1283.0
-40.8618100,175.4242700,1283.0
-40.8617700,175.4243100,1284.0
-40.8617200,175.4243200,1285.0
-40.8616700,175.4243300,1287.0
-40.8616100,175.4243300,1288.0
-40.8615700,175.4243700,1289.0
-40.8615400,175.4244200,1290.0
-40.8615300,175.4244300,1290.0
-40.8612500,175.4246200,1294.0
-40.8611900,175.4245800,1296.0
-40.8611300,175.4245500,1298.0
-40.8610100,175.4245500,1302.0
-40.8609400,175.4245500,1304.0
-40.8609300,175.4245500,1304.0
-40.8608600,175.4245400,1306.0
-40.8608100,175.4245400,1308.0
-40.8607700,175.4245500,1308.0
-40.8607200,175.4245900,1309.0
-40.8607000,175.4246300,1311.0
-40.8606600,175.4246700,1312.0
-40.8606200,175.4247100,1314.0
-40.8605800,175.4247500,1315.0
-40.8605400,175.4247800,1315.0
-40.8604900,175.4248200,1316.0
-40.8604600,175.4248600,1317.0
-40.8604300,175.4248900,1317.0
-40.8603900,175.4249300,1319.0
-40.8603000,175.4249900,1323.0
-40.8601500,175.4250500,1325.0
-40.8597400,175.4251500,1333.0
-40.8596300,175.4251600,1338.0
-40.8593900,175.4251100,1346.0
-40.8593200,175.4251200,1348.0
-40.8592600,175.4251500,1349.0
-40.8592000,175.4252300,1351.0
-40.8591200,175.4254400,1350.0
-40.8590800,175.4255100,1349.0
-40.8590000,175.4255700,1349.0
-40.8586600,175.4257500,1347.0
-40.8584300,175.4259400,1341.0
-40.8582400,175.4261900,1334.0
-40.8581100,175.4263300,1328.0
-40.8578400,175.4265600,1322.0
-40.8574800,175.4267800,1318.0
-40.8572200,175.4268300,1314.0
-40.8570400,175.4268400,1312.0
-40.8569600,175.4269000,1312.0
-40.8567400,175.4269000,1308.0
-40.8567300,175.4269000,1308.0
-40.8566800,175.4269000,1307.0
-40.8566300,175.4269000,1306.0
-40.8565800,175.4269000,1304.0
-40.8565400,175.4269300,1304.0
-40.8565200,175.4269800,1305.0
-40.8565000,175.4270400,1305.0
-40.8565000,175.4271100,1307.0
-40.8565000,175.4271700,1308.0
-40.8565000,175.4272500,1309.0
-40.8564900,175.4273100,1309.0
-40.8564800,175.4273700,1310.0
-40.8564600,175.4274300,1310.0
-40.8564300,175.4274700,1311.0
-40.8564200,175.4274700,1311.0
-40.8563900,175.4275500,1312.0
-40.8563700,175.4276100,1312.0
-40.8563400,175.4276600,1312.0
-40.8563000,175.4277100,1313.0
-40.8562600,175.4277700,1313.0
-40.8562200,175.4278200,1314.0
-40.8561900,175.4278600,1315.0
-40.8561500,175.4279100,1316.0
-40.8561200,175.4279700,1318.0
-40.8560800,175.4280200,1320.0
-40.8560400,175.4280600,1320.0
-40.8559900,175.4281100,1321.0
-40.8559600,175.4281600,1321.0
-40.8559100,175.4281800,1322.0
-40.8558600,175.4282200,1324.0
-40.8558300,175.4282600,1325.0
-40.8557900,175.4283000,1327.0
-40.8557700,175.4283400,1328.0
-40.8557600,175.4283500,1328.0
-40.8557200,175.4283800,1327.0
-40.8556700,175.4284400,1327.0
-40.8556300,175.4284700,1327.0
-40.8555900,175.4284800,1328.0
-40.8555400,175.4285000,1328.0
-40.8555000,175.4285300,1328.0
-40.8554500,175.4285800,1328.0
-40.8554100,175.4286100,1327.0
-40.8553700,175.4286300,1327.0
-40.8553200,175.4286500,1326.0
-40.8552700,175.4286700,1326.0
-40.8552300,175.4287000,1325.0
-40.8551900,175.4287200,1325.0
-40.8551800,175.4287200,1325.0
-40.8551800,175.4287100,1325.0
-40.8551200,175.4287200,1325.0
-40.8550700,175.4287400,1325.0
-40.8550200,175.4287700,1326.0
-40.8549800,175.4288100,1326.0
-40.8549500,175.4288500,1328.0
-40.8549000,175.4289000,1330.0
-40.8548600,175.4289400,1330.0
-40.8548200,175.4289800,1330.0
-40.8547700,175.4290100,1331.0
-40.8547100,175.4290300,1333.0
-40.8546500,175.4290700,1334.0
-40.8546000,175.4291100,1336.0
-40.8545600,175.4291500,1337.0
-40.8545100,175.4291800,1339.0
-40.8544700,175.4292100,1340.0
-40.8544100,175.4292600,1342.0
-40.8543700,175.4292900,1343.0
-40.8543300,175.4293300,1345.0
-40.8543000,175.4293800,1346.0
-40.8542800,175.4294000,1347.0
-40.8542600,175.4294100,1348.0
-40.8542200,175.4294500,1350.0
-40.8541700,175.4294700,1352.0
-40.8541300,175.4294500,1353.0
-40.8540700,175.4294500,1355.0
-40.8540200,175.4294700,1356.0
-40.8539800,175.4295100,1357.0
-40.8539400,175.4295500,1358.0
-40.8538900,175.4295700,1360.0
-40.8538500,175.4295900,1361.0
-40.8538000,175.4295800,1362.0
-40.8537500,175.4295700,1364.0
-40.8537000,175.4295700,1365.0
-40.8536600,175.4296100,1367.0
-40.8536200,175.4296300,1369.0
-40.8535800,175.4296600,1370.0
-40.8535400,175.4297100,1373.0
-40.8535000,175.4297400,1374.0
-40.8534900,175.4297500,1374.0
-40.8534900,175.4297600,1374.0
-40.8533300,175.4298700,1379.0
-40.8532000,175.4299500,1382.0
-40.8531300,175.4300300,1384.0
-40.8531200,175.4300600,1384.0
-40.8531100,175.4301000,1383.0
-40.8531100,175.4301600,1382.0
-40.8531000,175.4302600,1381.0
-40.8532000,175.4309500,1369.0
-40.8531900,175.4313500,1364.0
-40.8532500,175.4315400,1362.0
-40.8532800,175.4317800,1360.0
-40.8532900,175.4318200,1360.0
-40.8532900,175.4318300,1360.0
-40.8533100,175.4318900,1360.0
-40.8533400,175.4319500,1359.0
-40.8533700,175.4320000,1359.0
-40.8533900,175.4320600,1358.0
-40.8533900,175.4320700,1358.0
-40.8534100,175.4321400,1358.0
-40.8534200,175.4322000,1358.0
-40.8534300,175.4322700,1358.0
-40.8534700,175.4323100,1357.0
-40.8535200,175.4323400,1355.0
-40.8535400,175.4323600,1355.0
-40.8535600,175.4324200,1355.0
-40.8535500,175.4324800,1355.0
-40.8535500,175.4325500,1355.0
-40.8535500,175.4326200,1354.0
-40.8535500,175.4326300,1354.0
-40.8535300,175.4326900,1354.0
-40.8534900,175.4327300,1355.0
-40.8534600,175.4327700,1355.0
-40.8534000,175.4328900,1356.0
-40.8533200,175.4331100,1356.0
-40.8533000,175.4332100,1356.0
-40.8533100,175.4333500,1358.0
-40.8533300,175.4334400,1358.0
-40.8534000,175.4336000,1355.0
-40.8534300,175.4337300,1354.0
-40.8534300,175.4338700,1355.0
-40.8534800,175.4343300,1355.0
-40.8535400,175.4345200,1352.0
-40.8535700,175.4346100,1351.0
-40.8537400,175.4349200,1341.0
-40.8538600,175.4352400,1333.0
-40.8540200,175.4354500,1328.0
-40.8541100,175.4356000,1325.0
-40.8541600,175.4356800,1324.0
-40.8543400,175.4359300,1318.0
-40.8543400,175.4359500,1318.0
-40.8543800,175.4359900,1317.0
-40.8544200,175.4360200,1316.0
-40.8544500,175.4360300,1316.0
-40.8544600,175.4360300,1315.0
-40.8544800,175.4360900,1314.0
-40.8545100,175.4361300,1313.0
-40.8545200,175.4361400,1312.0
-40.8545200,175.4362100,1311.0
-40.8545500,175.4362700,1309.0
-40.8545600,175.4363100,1308.0
-40.8546000,175.4363600,1306.0
-40.8546100,175.4364200,1305.0
-40.8546200,175.4364900,1303.0
-40.8546300,175.4365400,1302.0
-40.8546300,175.4366000,1300.0
-40.8546700,175.4366600,1298.0
-40.8546800,175.4367000,1297.0
-40.8546800,175.4367700,1296.0
-40.8546800,175.4368400,1294.0
-40.8546800,175.4369000,1292.0
-40.8547000,175.4369600,1290.0
-40.8547300,175.4370100,1288.0
-40.8547400,175.4370200,1287.0
-40.8547800,175.4371500,1281.0
-40.8547500,175.4372400,1280.0
-40.8547500,175.4373100,1278.0
-40.8547500,175.4373700,1278.0
-40.8547800,175.4374200,1276.0
-40.8547800,175.4374300,1276.0
-40.8548200,175.4374800,1275.0
-40.8548400,175.4375400,1274.0
-40.8548700,175.4375900,1274.0
-40.8548700,175.4376100,1274.0
-40.8549000,175.4376600,1273.0
-40.8549500,175.4376600,1273.0
-40.8549700,175.4376600,1273.0
-40.8550200,175.4376600,1272.0
-40.8550700,175.4376700,1271.0
-40.8551200,175.4376900,1269.0
-40.8551500,175.4377100,1269.0
-40.8551600,175.4377100,1269.0
-40.8552100,175.4377100,1268.0
-40.8552400,175.4377500,1268.0
-40.8552300,175.4378100,1268.0
-40.8552000,175.4378600,1267.0
-40.8551700,175.4379100,1266.0
-40.8551400,175.4379600,1266.0
-40.8551300,175.4380300,1264.0
-40.8551200,175.4380900,1262.0
-40.8551100,175.4381600,1259.0
-40.8550900,175.4382200,1256.0
-40.8550900,175.4382400,1256.0
-40.8550500,175.4382800,1254.0
-40.8550000,175.4383000,1255.0
-40.8549500,175.4383200,1254.0
-40.8549100,175.4383300,1255.0
-40.8548500,175.4383400,1255.0
-40.8548100,175.4383600,1255.0
-40.8547700,175.4384000,1254.0
-40.8547400,175.4384500,1253.0
-40.8547200,175.4385000,1251.0
-40.8546900,175.4385500,1250.0
-40.8546400,175.4385900,1249.0
-40.8545900,175.4386000,1248.0
-40.8545500,175.4386300,1248.0
-40.8545400,175.4386300,1248.0
-40.8545100,175.4387000,1246.0
-40.8545100,175.4387700,1245.0
-40.8544900,175.4388300,1244.0
-40.8544900,175.4388700,1243.0
-40.8544500,175.4389400,1242.0
-40.8544200,175.4390000,1241.0
-40.8544300,175.4390600,1240.0
-40.8544400,175.4391000,1239.0
-40.8544300,175.4391700,1238.0
-40.8544200,175.4392200,1236.0
-40.8544100,175.4392500,1235.0
-40.8543700,175.4393800,1232.0
-40.8542300,175.4395500,1227.0
-40.8541500,175.4396200,1225.0
-40.8541100,175.4396900,1223.0
-40.8541100,175.4397400,1223.0
-40.8541500,175.4397600,1223.0
-40.8542000,175.4397600,1223.0
-40.8542400,175.4398300,1223.0
-40.8542900,175.4398600,1222.0
-40.8543700,175.4398700,1222.0
-40.8544000,175.4398900,1222.0
-40.8544500,175.4399000,1221.0
-40.8544700,175.4399000,1221.0
-40.8545300,175.4399200,1219.0
-40.8545900,175.4399100,1218.0
-40.8546600,175.4399100,1217.0
-40.8547700,175.4398300,1217.0
-40.8548700,175.4397200,1220.0
-40.8549700,175.4397500,1216.0
-40.8550800,175.4397900,1212.0
-40.8551800,175.4398500,1207.0
-40.8552800,175.4399000,1203.0
-40.8553600,175.4400400,1198.0
-40.8554200,175.4401400,1195.0
-40.8555200,175.4402600,1191.0
-40.8555500,175.4402900,1190.0
-40.8556200,175.4403200,1188.0
-40.8557000,175.4403300,1187.0
-40.8557200,175.4403300,1187.0
-40.8558000,175.4404100,1184.0
-40.8558400,175.4404700,1182.0
-40.8558400,175.4404800,1182.0
-40.8558500,175.4405500,1180.0
-40.8558700,175.4406100,1179.0
-40.8558800,175.4406800,1178.0
-40.8558900,175.4407400,1177.0
-40.8559000,175.4408100,1176.0
-40.8559200,175.4408700,1175.0
-40.8559500,175.4409200,1174.0
-40.8559900,175.4409700,1173.0
-40.8560200,175.4410100,1172.0
-40.8560500,175.4410400,1172.0
-40.8560700,175.4411000,1171.0
-40.8561000,175.4411500,1169.0
-40.8561100,175.4412100,1168.0
-40.8561300,175.4412800,1165.0
-40.8561400,175.4412900,1164.0
-40.8561900,175.4413300,1161.0
-40.8562300,175.4413600,1158.0
-40.8562700,175.4414100,1155.0
-40.8562900,175.4414700,1152.0
-40.8563100,175.4415100,1149.0
-40.8563100,175.4415600,1147.0
-40.8563300,175.4416300,1143.0
-40.8563500,175.4417000,1140.0
-40.8563700,175.4417600,1138.0
-40.8563700,175.4417800,1137.0
-40.8563700,175.4418400,1136.0
-40.8563800,175.4419100,1134.0
-40.8563900,175.4419800,1132.0
-40.8564000,175.4420400,1130.0
-40.8564000,175.4421100,1127.0
-40.8564100,175.4421100,1127.0
-40.8564200,175.4421900,1124.0
-40.8564200,175.4422500,1122.0
-40.8564500,175.4423000,1120.0
-40.8564700,175.4423600,1117.0
-40.8564700,175.4423800,1117.0
-40.8564800,175.4424700,1113.0
-40.8565000,175.4425400,1111.0
-40.8565100,175.4425900,1109.0
-40.8565200,175.4426600,1106.0
-40.8565300,175.4427300,1103.0
-40.8565300,175.4427900,1101.0
-40.8565400,175.4428500,1098.0
-40.8565500,175.4429100,1096.0
-40.8565500,175.4429300,1095.0
-40.8565500,175.4430100,1092.0
-40.8565500,175.4430700,1089.0
-40.8565500,175.4431400,1087.0
-40.8565300,175.4432100,1085.0
-40.8565100,175.4432600,1084.0
-40.8565000,175.4432700,1084.0
-40.8565000,175.4432800,1083.0
-40.8565000,175.4433400,1082.0
-40.8565000,175.4434100,1080.0
-40.8565000,175.4434800,1078.0
-40.8565100,175.4435500,1075.0
-40.8565300,175.4436200,1073.0
-40.8565300,175.4436400,1072.0
-40.8565300,175.4437300,1068.0
-40.8565300,175.4438100,1063.0
-40.8565300,175.4438800,1060.0
-40.8565200,175.4439300,1059.0
-40.8565100,175.4440000,1057.0
-40.8565000,175.4440600,1055.0
-40.8565000,175.4440700,1054.0
-40.8565100,175.4441500,1052.0
-40.8565200,175.4442300,1050.0
-40.8565300,175.4443000,1048.0
-40.8565500,175.4443600,1046.0
-40.8565600,175.4444100,1046.0
-40.8566000,175.4444500,1046.0
-40.8566300,175.4444900,1045.0
-40.8566500,175.4445600,1043.0
-40.8566800,175.4446100,1042.0
-40.8567300,175.4446500,1040.0
-40.8567700,175.4446800,1039.0
-40.8567800,175.4446900,1039.0
-40.8568300,175.4447000,1038.0
-40.8568800,175.4447300,1037.0
-40.8569200,175.4447700,1036.0
-40.8569500,175.4447900,1035.0
-40.8569600,175.4447900,1035.0
-40.8569900,175.4448400,1033.0
-40.8570200,175.4448800,1032.0
-40.8570600,175.4449200,1030.0
-40.8570700,175.4449300,1030.0
-40.8570600,175.4449400,1030.0
-40.8571500,175.4450300,1027.0
-40.8573400,175.4453000,1017.0
-40.8574600,175.4454000,1011.0
-40.8580200,175.4457200,988.0
-40.8582400,175.4459200,978.0
-40.8584100,175.4460100,971.0
-40.8586800,175.4462400,957.0
-40.8588300,175.4463100,952.0
-40.8589400,175.4464200,948.0
-40.8590700,175.4466900,944.0
-40.8591800,175.4468300,941.0
-40.8593400,175.4470100,936.0
-40.8594600,175.4470800,934.0
-40.8595000,175.4470800,933.0
-40.8598500,175.4471400,923.0
-40.8599200,175.4471300,920.0
-40.8600500,175.4470500,918.0
-40.8601500,175.4470400,917.0
-40.8602300,175.4470700,916.0
-40.8603200,175.4471300,915.0
-40.8605100,175.4473300,912.0
-40.8610200,175.4478000,885.0
-40.8612800,175.4480100,872.0
-40.8613300,175.4480800,869.0
-40.8614100,175.4482300,862.0
-40.8614900,175.4483100,857.0
-40.8616200,175.4483700,850.0
-40.8616600,175.4483900,847.0
-40.8618000,175.4484900,839.0
-40.8623600,175.4487900,816.0
-40.8624500,175.4489000,812.0
-40.8625500,175.4490300,808.0
-40.8626600,175.4492100,803.0
-40.8627300,175.4493800,797.0
-40.8630500,175.4498700,770.0
-40.8631100,175.4499200,765.0
-40.8632500,175.4499800,756.0
-40.8633500,175.4500700,748.0
-40.8635100,175.4501500,737.0
-40.8636000,175.4501600,731.0
-40.8637300,175.4501300,725.0
-40.8639700,175.4501400,712.0
-40.8641000,175.4502200,702.0
-40.8642700,175.4502600,690.0
-40.8643400,175.4503000,684.0
-40.8644900,175.4504000,672.0
-40.8646000,175.4505800,660.0
-40.8646800,175.4506300,653.0
-40.8648600,175.4506900,642.0
-40.8651500,175.4510000,621.0
-40.8652100,175.4511400,616.0
-40.8652300,175.4511900,613.0
-40.8654100,175.4513600,602.0
-40.8656300,175.4516200,594.0
-40.8658700,175.4517400,593.0
-40.8660800,175.4519400,588.0
-40.8661800,175.4520600,583.0
-40.8662900,175.4521000,580.0
-40.8663400,175.4521500,578.0
-40.8664300,175.4523500,572.0
-40.8664500,175.4523900,570.0
-40.8666000,175.4525500,563.0
-40.8668300,175.4529200,538.0
-40.8670600,175.4532000,527.0
-40.8670800,175.4532200,526.0
-40.8672100,175.4533200,524.0
-40.8673700,175.4535200,516.0
-40.8674500,175.4536000,514.0
-40.8675600,175.4536600,510.0
-40.8676200,175.4537200,506.0
-40.8676600,175.4537900,502.0
-40.8676700,175.4539200,497.0
-40.8676800,175.4539600,495.0
-40.8677000,175.4540100,493.0
-40.8677900,175.4540900,489.0
-40.8679000,175.4542000,485.0
-40.8679900,175.4542100,484.0
-40.8681200,175.4541600,484.0
-40.8682100,175.4541100,484.0
-40.8683000,175.4540500,484.0
-40.8683500,175.4539900,484.0
-40.8683900,175.4539500,484.0
-40.8686500,175.4537800,484.0
-40.8690800,175.4536100,487.0
-40.8692000,175.4536400,486.0
-40.8693600,175.4537300,485.0
-40.8694800,175.4537700,485.0
-40.8694700,175.4537800,485.0
-40.8695300,175.4537800,484.0
-40.8695800,175.4537900,484.0
-40.8696400,175.4538000,484.0
-40.8696800,175.4537700,484.0
-40.8697200,175.4537300,484.0
-40.8697300,175.4536500,484.0
-40.8697200,175.4535800,485.0
-40.8697000,175.4535100,486.0
-40.8696800,175.4534500,487.0
-40.8696600,175.4534000,488.0
-40.8696800,175.4533300,489.0
-40.8697000,175.4532700,489.0
-40.8697300,175.4532300,490.0
-40.8697700,175.4531900,490.0
-40.8698200,175.4531600,491.0
-40.8698700,175.4531500,491.0
-40.8699200,175.4531700,490.0
-40.8699600,175.4532100,489.0
-40.8699900,175.4532400,489.0
-40.8700000,175.4532800,488.0
-40.8700000,175.4532900,488.0
-40.8700400,175.4533300,487.0
-40.8700800,175.4533700,486.0
-40.8701200,175.4534000,485.0
-40.8701500,175.4534300,484.0
-40.8701900,175.4534800,483.0
-40.8702200,175.4535300,482.0
-40.8702500,175.4535700,481.0
-40.8702800,175.4536100,479.0
-40.8703200,175.4536500,479.0
-40.8703600,175.4536800,478.0
-40.8704000,175.4537000,477.0
-40.8704600,175.4537100,477.0
-40.8705100,175.4537100,476.0
-40.8705300,175.4537100,476.0
-40.8705200,175.4537100,476.0
-40.8705900,175.4537000,476.0
-40.8706400,175.4537000,475.0
-40.8706900,175.4536800,475.0
-40.8707500,175.4536500,474.0
-40.8708000,175.4536200,474.0
-40.8708600,175.4535900,473.0
-40.8708900,175.4535600,473.0
-40.8709000,175.4535500,473.0
-40.8709500,175.4535100,472.0
-40.8709900,175.4534700,472.0
-40.8710300,175.4534300,471.0
-40.8710700,175.4534000,469.0
-40.8711100,175.4533600,468.0
-40.8711500,175.4533200,467.0
-40.8711700,175.4532900,466.0
-40.8711700,175.4532800,466.0
-40.8712200,175.4532100,465.0
-40.8712600,175.4531700,464.0
-40.8712700,175.4531600,463.0
-40.8712700,175.4531400,463.0
-40.8713100,175.4530900,461.0
-40.8713500,175.4530400,460.0
-40.8713900,175.4530000,459.0
-40.8714300,175.4529600,460.0
-40.8714800,175.4529400,460.0
-40.8715300,175.4529100,460.0
-40.8715600,175.4529000,460.0
-40.8715600,175.4528900,460.0
-40.8716000,175.4528500,460.0
-40.8716400,175.4528100,460.0
-40.8716800,175.4527600,460.0
-40.8717200,175.4527000,462.0
-40.8717500,175.4526400,464.0
-40.8717600,175.4526200,465.0
-40.8717700,175.4526200,465.0
-40.8718100,175.4525700,466.0
-40.8718500,175.4525100,467.0
-40.8718800,175.4524600,469.0
-40.8719200,175.4524200,470.0
-40.8719600,175.4523900,471.0
-40.8720200,175.4523800,471.0
-40.8720600,175.4523800,470.0
-40.8720700,175.4523800,470.0
-40.8721200,175.4523700,469.0
-40.8721800,175.4523700,469.0
-40.8722200,175.4524000,468.0
-40.8722800,175.4524000,467.0
-40.8723400,175.4523600,467.0
-40.8723900,175.4523300,467.0
-40.8724300,175.4523000,467.0
-40.8724800,175.4522700,467.0
-40.8725300,175.4522500,467.0
-40.8725800,175.4522400,466.0
-40.8726300,175.4522300,466.0
-40.8726900,175.4522200,465.0
-40.8727400,175.4522100,465.0
-40.8727900,175.4522100,465.0
-40.8728400,175.4522100,464.0
-40.8728400,175.4522000,465.0
-40.8729500,175.4522100,463.0
-40.8731000,175.4521800,462.0
-40.8732400,175.4522000,458.0
-40.8733800,175.4521800,456.0
-40.8734600,175.4521900,454.0
-40.8737200,175.4522900,450.0
-40.8739200,175.4523100,450.0
-40.8741700,175.4521800,450.0
-40.8743300,175.4520700,451.0
-40.8750600,175.4517100,450.0
-40.8752200,175.4516800,450.0
-40.8755400,175.4516700,447.0
-40.8757700,175.4515900,455.0
-40.8758500,175.4516000,455.0
-40.8760500,175.4517100,454.0
-40.8761900,175.4518200,453.0
-40.8762300,175.4518800,452.0
-40.8762400,175.4519600,451.0
-40.8762500,175.4520300,450.0
-40.8762300,175.4520900,450.0
-40.8762100,175.4521400,449.0
-40.8762000,175.4522100,449.0
-40.8762000,175.4522500,448.0
-40.8762300,175.4523000,447.0
-40.8762600,175.4523700,446.0
-40.8762800,175.4524300,446.0
-40.8763100,175.4524800,445.0
-40.8763400,175.4525300,444.0
-40.8763700,175.4525800,444.0
-40.8764000,175.4526100,443.0
-40.8764500,175.4526500,443.0
-40.8765000,175.4526900,442.0
-40.8765400,175.4527100,442.0
-40.8765900,175.4527400,441.0
-40.8766300,175.4527600,441.0
-40.8766700,175.4527700,441.0
-40.8767300,175.4527700,441.0
-40.8767800,175.4527900,442.0
-40.8768300,175.4527900,443.0
-40.8768800,175.4527900,444.0
-40.8769200,175.4527800,444.0
-40.8769800,175.4527800,445.0
-40.8771100,175.4528200,444.0
-40.8773700,175.4528500,442.0
-40.8776300,175.4528200,440.0
-40.8777500,175.4528500,440.0
-40.8778800,175.4529200,441.0
-40.8782600,175.4530800,441.0
-40.8783500,175.4530900,440.0
-40.8785800,175.4530200,437.0
-40.8786900,175.4529700,438.0
-40.8787500,175.4529100,439.0
-40.8788700,175.4527400,441.0
-40.8789200,175.4526400,443.0
-40.8789500,175.4523900,447.0
-40.8789600,175.4523300,447.0
-40.8790500,175.4520900,449.0
-40.8791000,175.4520000,449.0
-40.8791900,175.4519100,449.0
-40.8792400,175.4518800,448.0
-40.8795400,175.4517000,446.0
-40.8795900,175.4516300,446.0
-40.8796800,175.4514200,446.0
-40.8798400,175.4511200,446.0
-40.8798500,175.4511100,446.0
-40.8798500,175.4510500,446.0
-40.8798800,175.4510000,447.0
-40.8799200,175.4509800,446.0
-40.8799700,175.4509800,446.0
-40.8800200,175.4509900,445.0
-40.8800700,175.4510200,444.0
-40.8801100,175.4510500,442.0
-40.8801200,175.4510500,442.0
-40.8801600,175.4510500,441.0
-40.8802000,175.4510000,441.0
-40.8802100,175.4509300,442.0
-40.8802100,175.4508700,443.0
-40.8802200,175.4508000,444.0
-40.8802700,175.4507500,443.0
-40.8802900,175.4507400,443.0
-40.8803400,175.4507100,442.0
-40.8803800,175.4506700,441.0
-40.8804200,175.4506400,440.0
-40.8804600,175.4505900,440.0
-40.8804900,175.4505400,439.0
-40.8805000,175.4505100,439.0
-40.8805000,175.4504800,439.0
-40.8805100,175.4504000,438.0
-40.8805400,175.4503000,437.0
-40.8805500,175.4502300,437.0
-40.8805700,175.4501700,436.0
-40.8805900,175.4501100,436.0
-40.8806100,175.4500500,436.0
-40.8806400,175.4499900,435.0
-40.8806700,175.4499100,435.0
-40.8806900,175.4498600,434.0
-40.8807200,175.4498000,434.0
-40.8807400,175.4497300,433.0
-40.8807600,175.4496900,433.0
-40.8807600,175.4496800,434.0
-40.8807700,175.4496000,435.0
-40.8807800,175.4495200,436.0
-40.8808000,175.4494600,437.0
-40.8808000,175.4494500,437.0
-40.8808400,175.4493500,438.0
-40.8810300,175.4490500,437.0
-40.8811600,175.4489100,435.0
-40.8812800,175.4486900,435.0
-40.8813500,175.4486300,435.0
-40.8814400,175.4486100,435.0
-40.8816100,175.4486700,433.0
-40.8816100,175.4486800,433.0
-40.8816700,175.4487100,432.0
-40.8817200,175.4487400,432.0
-40.8817700,175.4487700,431.0
-40.8818200,175.4488100,430.0
-40.8818600,175.4488500,428.0
-40.8819100,175.4488800,426.0
-40.8819500,175.4489200,425.0
-40.8819900,175.4489400,424.0
-40.8819900,175.4489500,424.0
-40.8820600,175.4490000,423.0
-40.8821300,175.4490500,422.0
-40.8821800,175.4490900,421.0
-40.8822200,175.4491200,420.0
-40.8822600,175.4491500,420.0
-40.8823100,175.4491800,420.0
-40.8823800,175.4491800,421.0
-40.8824300,175.4491800,421.0
-40.8824700,175.4491800,422.0
-40.8825200,175.4491800,422.0
-40.8825400,175.4491700,422.0
-40.8825500,175.4491600,422.0
-40.8826000,175.4491400,423.0
-40.8826500,175.4491200,423.0
-40.8826800,175.4490700,424.0
-40.8827200,175.4490200,425.0
-40.8827500,175.4489600,426.0
-40.8827800,175.4489100,426.0
-40.8828200,175.4488800,426.0
-40.8828600,175.4488400,427.0
-40.8829000,175.4488200,426.0
-40.8829500,175.4488000,425.0
-40.8830000,175.4487800,425.0
-40.8830400,175.4487700,423.0
-40.8830800,175.4487500,423.0
-40.8830900,175.4487500,423.0
-40.8831300,175.4487100,423.0
-40.8831600,175.4486600,423.0
-40.8831900,175.4486100,424.0
-40.8832200,175.4485600,424.0
-40.8832500,175.4485200,424.0
-40.8832600,175.4485100,424.0
-40.8832900,175.4484700,424.0
-40.8833300,175.4484400,424.0
-40.8833800,175.4484300,423.0
-40.8833900,175.4484300,423.0
-40.8834100,175.4484300,423.0
-40.8834600,175.4484300,422.0
-40.8835100,175.4484300,421.0
-40.8835600,175.4484300,420.0
-40.8836100,175.4484300,420.0
-40.8836600,175.4484100,419.0
-40.8837100,175.4483900,418.0
-40.8837400,175.4483700,418.0
-40.8837900,175.4483600,417.0
-40.8838400,175.4483600,416.0
-40.8838900,175.4483500,415.0
-40.8839400,175.4483200,415.0
-40.8839800,175.4482900,415.0
-40.8839800,175.4482800,415.0
-40.8840400,175.4482400,415.0
-40.8840900,175.4482100,415.0
-40.8841400,175.4481900,414.0
-40.8841800,175.4481800,414.0
-40.8842300,175.4481700,413.0
-40.8842800,175.4481700,413.0
-40.8842900,175.4481700,413.0
-40.8846400,175.4481600,408.0
-40.8848100,175.4481600,408.0
-40.8849300,175.4481700,408.0
-40.8850800,175.4481400,410.0
-40.8851800,175.4481700,411.0
-40.8852600,175.4482000,412.0
-40.8854600,175.4482400,413.0
-40.8856000,175.4483100,412.0
-40.8857400,175.4483400,411.0
-40.8858800,175.4484300,409.0
-40.8860200,175.4485200,407.0
-40.8861700,175.4485400,408.0
-40.8863100,175.4485400,411.0
-40.8864000,175.4486400,409.0
-40.8864900,175.4487000,409.0
-40.8865800,175.4487600,409.0
-40.8866300,175.4488900,406.0
-40.8867700,175.4489200,411.0
-40.8869500,175.4490100,416.0
-40.8870700,175.4490400,419.0
-40.8871400,175.4491000,419.0
-40.8872000,175.4492000,418.0
-40.8872300,175.4493100,416.0
-40.8872700,175.4493900,415.0
-40.8873600,175.4494800,414.0
-40.8874400,175.4495600,414.0
-40.8875300,175.4496400,412.0
-40.8876200,175.4496800,411.0
-40.8876800,175.4497100,410.0
-40.8877400,175.4498000,408.0
-40.8878400,175.4498800,408.0
-40.8879300,175.4498800,408.0
-40.8880000,175.4499200,408.0
-40.8881800,175.4499800,406.0
-40.8883500,175.4500300,404.0
-40.8884600,175.4500700,403.0
-40.8885600,175.4500900,402.0
-40.8886600,175.4500800,402.0
-40.8887400,175.4500700,402.0
-40.8888700,175.4500400,403.0
-40.8890300,175.4500200,404.0
-40.8891300,175.4500100,404.0
-40.8892200,175.4500000,405.0
-40.8895900,175.4500100,407.0
-40.8896000,175.4500200,407.0
-40.8897500,175.4501400,404.0
-40.8898200,175.4502100,401.0
-40.8898500,175.4502300,400.0
-40.8898800,175.4502200,400.0
-40.8898900,175.4502000,400.0
-40.8898900,175.4501400,402.0
-40.8899000,175.4500600,403.0
-40.8900800,175.4500400,403.0
-40.8901300,175.4500700,403.0
-40.8901700,175.4501100,402.0
-40.8902000,175.4501600,402.0
-40.8902300,175.4502300,401.0
-40.8902600,175.4502800,401.0
-40.8902900,175.4503300,401.0
-40.8902900,175.4503400,401.0
-40.8903300,175.4504300,400.0
-40.8903500,175.4505100,398.0
-40.8903800,175.4505800,398.0
-40.8904100,175.4506300,398.0
-40.8904500,175.4506700,398.0
-40.8904800,175.4507100,398.0
-40.8905300,175.4507400,399.0
-40.8905500,175.4507800,399.0
-40.8905900,175.4508300,398.0
-40.8906200,175.4508700,398.0
-40.8906600,175.4509100,398.0
-40.8907100,175.4509400,398.0
-40.8907600,175.4509700,398.0
-40.8908000,175.4509900,398.0
-40.8908500,175.4510100,399.0
-40.8909000,175.4510400,399.0
-40.8909200,175.4510600,398.0
-40.8909400,175.4510700,399.0
-40.8909900,175.4510700,399.0
-40.8910600,175.4510700,400.0
-40.8911100,175.4510700,401.0
-40.8911700,175.4510700,401.0
-40.8912300,175.4510800,401.0
-40.8912800,175.4510900,401.0
-40.8912900,175.4510900,401.0
-40.8913600,175.4510800,401.0
-40.8914000,175.4510800,401.0
-40.8914500,175.4510800,400.0
-40.8914900,175.4510500,399.0
-40.8914900,175.4510400,399.0
-40.8915400,175.4510200,398.0
-40.8915800,175.4509900,398.0
-40.8916300,175.4509700,397.0
-40.8916800,175.4509400,397.0
-40.8917400,175.4509300,396.0
-40.8917800,175.4509100,395.0
-40.8918300,175.4509000,395.0
-40.8918800,175.4509000,394.0
-40.8919100,175.4509000,393.0
-40.8919700,175.4508900,393.0
-40.8920400,175.4508800,393.0
-40.8920800,175.4508900,393.0
-40.8920900,175.4508800,394.0
-40.8921400,175.4508900,394.0
-40.8921800,175.4509100,394.0
-40.8922300,175.4508700,395.0
-40.8922700,175.4508300,395.0
-40.8923200,175.4508300,395.0
-40.8923600,175.4508600,394.0
-40.8923800,175.4509100,392.0
-40.8923800,175.4509500,392.0
-40.8924300,175.4509600,391.0
-40.8924800,175.4509500,391.0
-40.8925200,175.4509400,391.0
-40.8925700,175.4509200,392.0
-40.8926200,175.4508800,393.0
-40.8926500,175.4508600,394.0
-40.8926500,175.4508500,394.0
-40.8927100,175.4508000,396.0
-40.8929200,175.4507200,402.0
-40.8931900,175.4507000,407.0
-40.8933800,175.4506800,409.0
-40.8936500,175.4507200,408.0
-40.8939600,175.4510300,400.0
-40.8941200,175.4512500,398.0
-40.8941800,175.4513300,398.0
-40.8942100,175.4513800,398.0
-40.8942700,175.4516800,395.0
-40.8944000,175.4518500,397.0
-40.8944700,175.4519400,399.0
-40.8947200,175.4522200,406.0
-40.8947700,175.4522600,408.0
-40.8948100,175.4523000,408.0
-40.8948600,175.4523200,409.0
-40.8949000,175.4523500,410.0
-40.8949400,175.4523800,410.0
-40.8949500,175.4524100,409.0
-40.8949600,175.4524100,409.0
-40.8950200,175.4524600,410.0
-40.8950600,175.4525000,410.0
-40.8951000,175.4525500,410.0
-40.8951400,175.4525900,410.0
-40.8951800,175.4526200,410.0
-40.8952100,175.4526700,409.0
-40.8952600,175.4527100,408.0
-40.8952900,175.4527400,408.0
-40.8953200,175.4527800,407.0
-40.8953600,175.4528200,406.0
-40.8953600,175.4528000,407.0
-40.8954100,175.4528300,407.0
-40.8954900,175.4529000,406.0
-40.8955400,175.4529400,405.0
-40.8955800,175.4529700,405.0
-40.8956400,175.4530000,407.0
-40.8956900,175.4530400,407.0
-40.8957200,175.4530600,407.0
-40.8957800,175.4531000,409.0
-40.8958200,175.4531400,410.0
-40.8958600,175.4531900,411.0
-40.8959000,175.4532300,412.0
-40.8959400,175.4532700,413.0
-40.8959700,175.4533300,414.0
-40.8959900,175.4533900,414.0
-40.8959900,175.4534500,413.0
-40.8959800,175.4535400,411.0
-40.8959800,175.4536000,410.0
-40.8959800,175.4536700,410.0
-40.8959700,175.4537300,409.0
-40.8959500,175.4538000,407.0
-40.8959400,175.4538600,406.0
-40.8959400,175.4539300,406.0
-40.8959200,175.4540000,404.0
-40.8959100,175.4540600,403.0
-40.8959000,175.4540700,402.0
-40.8958900,175.4541400,401.0
-40.8958800,175.4542000,400.0
-40.8958700,175.4542700,398.0
-40.8958700,175.4543300,398.0
-40.8958800,175.4543500,398.0
-40.8958900,175.4544300,398.0
-40.8959100,175.4545000,397.0
-40.8959400,175.4545600,398.0
-40.8959500,175.4546300,396.0
-40.8959700,175.4546900,396.0
-40.8959900,175.4547400,395.0
-40.8960100,175.4547600,396.0
-40.8963100,175.4551700,400.0
-40.8963800,175.4554800,399.0
-40.8963700,175.4557500,397.0
-40.8964900,175.4561400,397.0
-40.8965400,175.4563100,395.0
-40.8965700,175.4565600,389.0
-40.8967000,175.4568000,390.0
-40.8966900,175.4570800,384.0
-40.8967300,175.4573300,382.0
-40.8968000,175.4574900,383.0
-40.8967300,175.4576700,380.0
-40.8969700,175.4581100,381.0
-40.8971100,175.4583700,381.0
-40.8971500,175.4585600,378.0
-40.8973100,175.4589300,376.0
-40.8973600,175.4590400,377.0
-40.8973400,175.4591600,375.0
-40.8972700,175.4592500,373.0
-40.8972700,175.4594300,373.0
-40.8973300,175.4594700,374.0
-40.8975100,175.4594600,377.0
-40.8976800,175.4594700,379.0
-40.8978300,175.4595600,379.0
-40.8978800,175.4597300,376.0
-40.8979600,175.4600100,374.0
-40.8981400,175.4604300,372.0
-40.8983100,175.4606700,372.0
-40.8984100,175.4609700,373.0
-40.8984800,175.4610200,374.0
-40.8985500,175.4612500,373.0
-40.8985700,175.4614900,370.0
-40.8987200,175.4617300,368.0
-40.8988000,175.4619600,367.0
-40.8990700,175.4623600,367.0
-40.8991700,175.4625000,369.0
-40.8992300,175.4627300,368.0
-40.8993100,175.4629300,369.0
-40.8993300,175.4631700,368.0
-40.8994500,175.4634700,367.0
-40.8995500,175.4638100,365.0
-40.8996000,175.4640100,364.0
-40.8996800,175.4647600,362.0
-40.8995500,175.4653500,355.0
-40.8995300,175.4654600,354.0
-40.8996900,175.4658800,356.0
-40.8995600,175.4661000,353.0
-40.8994800,175.4663200,352.0
-40.8993700,175.4666100,351.0
-40.8991700,175.4667300,350.0
-40.8990900,175.4669500,350.0
-40.8988300,175.4676000,348.0
-40.8989700,175.4678400,345.0
-40.8989800,175.4678700,345.0
-40.8991400,175.4683000,342.0
-40.8993200,175.4684200,339.0
-40.8994500,175.4683900,339.0
-40.8995500,175.4683000,339.0
-40.8996700,175.4681500,338.0
-40.8997600,175.4681000,338.0
-40.8998000,175.4680700,338.0
-40.8999300,175.4680500,337.0
-40.9002300,175.4681400,336.0
-40.9007900,175.4682400,336.0
-40.9011000,175.4682300,341.0
-40.9011700,175.4683500,341.0
-40.9013500,175.4684400,343.0
-40.9014000,175.4684600,344.0
-40.9014900,175.4687000,342.0
-40.9016900,175.4689000,343.0
-40.9019000,175.4693200,341.0
-40.9021400,175.4695600,342.0
-40.9023300,175.4694400,344.0
-40.9024100,175.4693100,344.0
-40.9024400,175.4691900,345.0
-40.9026100,175.4690600,346.0
-40.9027100,175.4690200,347.0
-40.9027900,175.4690900,346.0
-40.9027800,175.4691700,345.0
-40.9028400,175.4692700,345.0
-40.9030500,175.4693100,344.0
-40.9031200,175.4693300,345.0
-40.9033100,175.4694000,346.0
-40.9033700,175.4696300,343.0
-40.9035100,175.4697800,342.0
-40.9036100,175.4700300,340.0
-40.9036500,175.4701000,340.0
-40.9039000,175.4704400,342.0
-40.9039900,175.4705900,343.0
-40.9040100,175.4706200,343.0
-40.9041700,175.4707600,347.0
-40.9042000,175.4710600,343.0
-40.9044300,175.4713000,345.0
-40.9045300,175.4715200,344.0
-40.9045800,175.4716100,343.0
-40.9048500,175.4719600,342.0
-40.9049700,175.4722700,339.0
-40.9049600,175.4723800,338.0
-40.9049600,175.4725600,337.0
-40.9049100,175.4728300,335.0
-40.9049300,175.4729100,335.0
-40.9051500,175.4731600,336.0
-40.9052000,175.4732600,335.0
-40.9052500,175.4733700,335.0
-40.9055300,175.4737800,336.0
-40.9056800,175.4740300,335.0
-40.9058000,175.4742700,335.0
-40.9059400,175.4742600,335.0
-40.9060300,175.4742600,335.0
-40.9062000,175.4744800,335.0
-40.9062800,175.4746600,333.0
-40.9063200,175.4747700,331.0
-40.9063100,175.4749200,328.0
-40.9063500,175.4750600,325.0
-40.9064300,175.4752700,321.0
-40.9065400,175.4753900,322.0
-40.9065300,175.4754400,321.0
-40.9064900,175.4755500,321.0
-40.9064900,175.4757100,321.0
-40.9065000,175.4757700,321.0
-40.9065100,175.4758300,321.0
-40.9065300,175.4761100,321.0
-40.9065300,175.4765300,318.0
-40.9065400,175.4766600,317.0
-40.9065400,175.4767100,317.0
-40.9065500,175.4768900,315.0
-40.9065200,175.4770900,315.0
-40.9064100,175.4775000,314.0
-40.9064100,175.4775600,314.0
-40.9063800,175.4777700,315.0
-40.9066700,175.4788000,315.0
-40.9067000,175.4790700,314.0
-40.9067500,175.4794100,311.0
-40.9067400,175.4793900,312.0
